# Custom 16MB dual-image table. Doll-OS retains its original 6.25MB ota_0 slot,
# while a lean combined GB/GBA runtime occupies ota_1. Both images share NVS,
# the SD card, and LittleFS; coredumps stay at the top of flash.
#
# Name,     Type, SubType,  Offset,    Size,      Flags
nvs,        data, nvs,      0x9000,    0x5000,
otadata,    data, ota,      0xe000,    0x2000,
app0,       app,  ota_0,    0x10000,   0x640000,
emulator,   app,  ota_1,    0x650000,  0x300000,
spiffs,     data, spiffs,   0x950000,  0x6A0000,
coredump,   data, coredump, 0xFF0000,  0x10000,
